5.7,2.48,4.19,1.4,1
6.96,2.73,5.36,2.05,2
4.95,3.31,1.45,0.32,0
5.11,4.76,1.46,0.2,0
7.09,2.23,5.22,1.76,2
4.85,3.68,1.53,0.36,0
7.24,2.07,4.08,1.1,1
4.75,2.8,1.15,0.31,0
4.73,2.98,1.51,0.18,0
4.9,3.34,1.45,0.36,0
5.72,3.18,4.03,1.37,1
6.58,2.88,3.96,1.41,1
5.74,4.65,1.41,0.35,0
6.57,3.23,4.16,1.38,1
5.43,3.69,1.61,0.22,0
4.86,3.01,1.38,0.28,0
5.73,3.52,1.98,0.32,0
5.89,2.81,4.62,1.2,1
5.26,3.82,1.6,0.33,0
5.99,2.87,4.58,0.92,1
6.99,2.48,3.95,1.16,1
5.32,3.98,1.46,0.31,0
5.88,2.63,5.08,1.5,1
5.94,3.18,5.6,2.74,2
6.46,3.31,3.42,1.38,1
7.18,2.73,6.23,1.87,2
6.65,2.54,6.08,1.75,2
5.47,4.1,1.5,0.38,0
7.61,2.6,5.14,1.75,2
6.1,3.36,3.37,1.12,1
6.42,2.55,4.46,1.52,2
7.3,3.96,5.84,1.9,2
5.2,2.72,1.78,0.36,0
5.43,2.38,1.33,0.2,0
7.85,2.86,5.63,1.75,2
5.84,2.37,4.67,1.25,1
5.04,3.53,1.49,0.24,0
6.1,2.42,4.5,1.56,1
6.94,2.37,4.06,1.21,1
4.57,3.12,1.56,0.24,0
7.34,2.6,5.8,1.77,2
8.14,2.73,5.51,2.08,2
7.63,3.11,5.96,2.03,2
6.08,2.96,4.3,1.12,1
8.38,2.77,5.85,2.21,2
5.58,3.01,4.22,1.25,1
5.7,2.78,1.73,0.08,0
5.11,3.61,1.59,0.23,0
5.3,3.17,1.92,0.2,0
5.42,3.16,1.55,0.27,0
5.91,2.9,5.93,1.7,2
6.24,2.9,4.39,1.24,1
5.8,2.04,4.15,0.93,1
7.02,3.15,6.1,2.68,2
6.36,3.16,1.7,0.26,0
5.93,3.3,5.73,1.79,2
6.81,2.82,3.82,1.78,1
5.62,3.04,3.9,1.55,1
5.3,2.7,1.29,0.13,0
7.82,3.24,5.74,2.0,2
6.41,2.28,6.5,1.95,2
5.67,3.19,1.49,0.39,0
5.32,3.14,1.39,0.21,0
6.99,2.35,4.11,1.09,1
4.99,2.69,1.48,0.33,0
4.95,3.12,1.6,0.22,0
5.36,2.66,5.76,2.33,2
6.63,2.41,5.04,1.23,1
6.69,2.27,6.17,1.93,2
6.25,3.36,6.23,1.5,2
5.0,2.29,4.57,1.21,1
4.92,3.14,3.43,1.57,1
7.47,2.14,6.14,1.61,2
5.1,2.83,5.09,1.39,1
5.45,2.47,1.48,0.17,0
5.57,3.4,1.43,0.32,0
4.8,4.11,1.72,0.35,0
7.13,2.54,4.85,1.73,2
4.52,2.48,4.39,1.29,1
5.42,2.42,3.86,1.23,1
7.24,2.69,4.63,1.06,1
4.86,3.63,1.45,0.35,0
6.66,2.66,5.23,1.84,1
5.16,3.78,1.38,0.29,0
5.42,2.71,4.54,1.49,1
5.2,3.22,1.44,0.21,0
6.43,2.96,4.72,2.13,1
4.9,3.68,1.8,0.33,0
4.94,3.59,1.58,0.25,0
5.13,2.76,1.67,0.35,0
5.04,3.48,1.33,0.27,0
6.61,3.21,5.7,1.98,2
6.75,3.49,6.36,1.61,2
6.98,2.79,6.33,2.52,2
4.41,2.82,1.22,0.46,0
5.54,3.54,4.82,1.76,2
4.52,2.33,1.18,0.28,0
6.51,3.01,5.14,1.49,1
7.74,3.48,6.52,2.31,2
4.99,3.43,1.39,0.55,0
9.12,2.93,6.37,2.63,2
7.47,2.56,6.56,1.68,2
6.76,2.2,4.58,0.86,1
5.62,2.87,1.84,0.24,0
5.8,3.01,4.01,1.14,1
4.86,4.59,1.46,0.33,0
6.06,2.62,5.1,1.03,1
6.57,2.35,4.79,1.2,1
4.82,2.91,1.85,0.19,0
5.7,3.72,5.61,1.49,1
6.74,2.75,5.45,1.72,2
6.94,3.96,6.32,2.68,2
5.82,3.19,4.96,1.42,1
6.18,2.86,4.53,1.1,1
4.86,3.89,1.53,0.27,0
6.57,3.65,6.3,1.94,2
7.44,2.97,4.57,1.43,2
6.21,3.23,4.79,1.07,1
5.46,4.54,1.61,0.15,0
6.68,3.47,5.97,2.1,2
4.49,2.78,1.55,0.37,0
6.38,2.57,4.35,1.39,1
5.27,3.19,1.33,0.13,0
6.82,2.57,4.26,1.12,1
6.69,3.01,4.6,1.72,2
6.08,3.07,4.88,1.7,1
5.4,3.2,1.24,0.18,0
6.89,2.42,5.99,1.63,2
5.84,2.15,4.15,0.82,1
4.93,3.76,1.42,0.34,0
4.96,3.21,1.53,0.27,0
5.9,2.21,4.04,0.97,1
7.19,2.71,4.63,2.17,2
4.98,3.67,1.55,0.18,0
7.46,3.21,4.98,1.97,2
7.0,2.97,4.86,0.99,1
5.53,4.56,1.77,0.36,0
5.73,2.8,4.92,1.45,1
5.39,1.95,5.15,1.14,1
4.87,3.85,1.5,0.37,0
5.35,2.62,1.04,0.44,0
6.83,2.28,5.48,1.5,2
7.79,2.81,4.56,1.4,2
5.63,2.57,4.66,1.19,1
6.42,2.98,4.21,1.26,1
6.42,3.06,5.77,1.78,2
4.26,3.97,1.25,0.18,0
5.51,3.06,5.27,2.06,2
6.35,2.91,5.98,1.89,2
7.0,3.24,6.41,2.31,2
6.38,2.24,5.3,1.71,2
6.23,2.0,5.19,1.67,2
5.85,2.44,5.1,1.23,1
6.55,3.14,5.21,1.55,1
5.69,2.41,4.77,1.22,1
6.15,2.36,4.13,0.96,1
5.49,3.5,3.97,1.21,1
4.61,2.82,1.33,0.42,0
5.27,3.57,1.45,0.28,0
5.96,3.03,3.63,1.3,1
5.42,2.81,1.72,0.3,0
6.52,2.94,4.15,1.26,1
6.97,2.66,6.23,1.26,2
6.78,3.55,6.33,2.23,2
5.13,3.04,1.66,0.15,0
4.86,4.7,1.88,0.37,0
6.08,2.34,4.45,1.43,1
5.04,2.71,3.9,1.22,1
4.76,4.05,1.55,0.14,0
6.75,2.35,6.27,1.8,2
5.02,3.13,1.91,0.35,0
5.94,2.89,3.89,0.91,1
5.91,2.96,4.38,1.34,1
6.14,3.19,4.02,1.38,1
6.62,2.6,4.83,2.16,2
6.87,2.73,5.77,1.3,2
6.98,2.58,5.13,2.15,2
5.4,3.27,1.53,0.37,0
5.51,3.18,1.36,0.42,0
4.52,3.95,1.91,0.42,0
6.97,4.11,5.67,2.49,2
7.68,2.61,6.39,2.3,2
5.34,3.15,1.33,0.2,0
4.39,3.83,1.56,0.43,0
6.28,2.87,3.9,1.12,1
6.82,3.15,5.72,1.51,2
5.57,2.6,6.09,1.62,2
4.25,3.37,1.39,0.26,0
7.57,3.25,6.2,2.16,2
5.2,3.32,3.82,1.49,1
5.59,2.54,5.09,1.44,1
5.35,3.18,1.65,0.32,0
5.46,3.58,1.47,0.33,0
7.81,2.43,5.59,2.03,2
5.65,2.9,4.73,1.09,1
6.16,3.63,4.44,2.55,2
7.36,2.6,4.64,1.05,1
5.19,3.5,1.8,0.23,0
6.08,2.89,4.13,1.41,1
4.71,3.9,2.04,0.23,0
5.9,2.52,4.87,1.09,1
5.42,2.4,4.16,1.22,1
5.27,3.79,1.89,0.37,0
6.72,2.92,5.47,1.91,2
6.12,2.87,4.46,1.53,1
4.93,3.81,1.94,0.35,0
4.86,2.8,1.38,0.38,0
6.72,3.18,4.6,1.53,1
5.07,2.73,1.51,0.2,0
4.88,4.07,1.13,0.28,0
7.53,2.65,5.79,1.54,2
5.95,2.49,4.1,1.31,1
6.49,2.62,5.12,1.98,2
5.19,2.55,1.64,0.29,0
5.35,2.97,4.19,1.63,1
5.33,3.37,1.52,0.24,0
7.21,2.81,4.75,1.41,1
6.03,2.77,4.31,1.08,1
5.5,2.54,4.72,1.55,1
5.69,3.43,1.67,0.49,0
6.78,2.28,4.37,1.45,1
5.74,3.25,6.31,2.09,2
4.92,3.37,1.37,0.24,0
6.37,2.45,3.68,1.16,1
6.01,3.2,3.43,1.01,1
6.04,3.03,4.82,1.12,1
5.26,3.16,1.31,0.37,0
6.08,2.66,4.33,1.42,1
5.55,3.61,1.35,0.39,0
7.21,2.78,4.75,1.56,2
6.89,2.87,5.41,1.85,2
7.11,3.21,5.45,1.59,2
6.17,2.43,5.22,1.88,2
6.2,2.92,4.89,1.36,1
6.27,2.68,4.55,1.11,1
5.38,2.73,3.64,1.14,1
5.18,2.54,3.9,1.24,1
6.93,3.62,4.79,1.44,1
5.39,2.32,5.85,1.88,2
5.67,3.58,7.05,1.76,2
4.94,4.05,1.38,0.4,0
5.49,2.42,4.8,1.05,1
6.23,2.87,4.98,1.34,2
4.73,4.04,1.41,0.26,0
6.95,3.19,5.45,2.7,2
5.88,3.41,5.57,1.99,2
6.7,3.33,4.63,1.94,2
4.94,3.15,4.23,1.51,1
5.27,4.08,1.13,0.5,0
5.49,3.59,1.37,0.26,0
5.11,2.98,4.65,1.14,1
5.91,2.73,4.61,1.34,1
6.75,2.65,5.38,2.23,2
5.77,2.84,3.98,1.45,1
5.94,2.12,3.52,1.28,1
6.17,3.43,4.58,1.14,1
5.09,1.81,5.44,1.01,1
7.28,3.87,4.8,1.93,2
6.15,3.47,5.54,1.85,2
4.87,3.3,1.66,0.27,0
5.15,3.58,1.63,0.29,0
5.6,3.32,1.67,0.25,0
4.58,3.75,1.53,0.23,0
4.91,2.8,1.29,0.14,0
5.51,2.98,5.79,1.97,2
4.91,3.52,1.61,0.48,0
4.88,3.63,5.65,1.9,2
4.62,2.89,4.03,1.45,1
8.1,2.45,5.96,1.74,2
6.15,2.85,1.55,0.13,0
5.77,3.29,5.68,1.82,2
4.88,3.61,1.81,0.25,0
7.65,2.9,5.98,1.49,2
6.85,2.65,5.48,1.75,2
7.72,2.77,6.08,2.28,2
4.91,2.55,1.79,0.29,0
5.5,2.75,4.4,1.35,1
6.43,3.4,6.52,1.76,2
6.28,2.97,6.1,1.56,2
5.17,3.05,1.57,0.29,0
5.37,3.01,1.2,0.31,0
6.32,3.63,4.57,1.23,1
4.69,4.52,1.72,0.24,0
6.16,3.07,5.3,1.88,2
5.73,2.99,3.63,1.51,1
5.81,2.94,5.72,2.26,2
6.47,2.85,6.05,2.13,2
5.62,3.51,4.09,1.7,1
5.5,2.25,1.5,0.34,0
5.26,3.54,1.59,0.45,0
7.22,3.25,5.57,2.7,2
6.87,2.17,4.09,1.28,1
7.09,2.76,5.1,1.55,2
6.64,2.5,6.01,1.45,2
5.03,4.57,1.85,0.35,0
5.46,3.91,1.49,0.25,0
5.38,2.99,1.69,0.5,0
6.47,3.14,5.09,2.1,2
6.96,2.35,3.94,1.21,1
6.71,2.34,4.78,1.66,1
7.27,2.73,5.76,1.52,2
6.03,3.1,4.46,1.3,1
6.07,3.2,4.64,2.05,2
6.08,2.83,4.25,1.39,1
6.48,2.65,5.8,1.31,2
6.73,2.45,5.8,1.82,2
5.14,2.69,1.54,0.24,0
6.83,2.75,5.65,2.09,2
4.58,3.68,1.6,0.3,0
4.45,4.45,1.68,0.34,0
6.86,3.13,5.3,2.44,2
5.38,3.06,6.09,2.32,2
5.78,2.84,4.13,1.54,1
6.63,3.08,4.9,1.24,1
6.78,3.58,5.46,2.52,2
6.19,2.11,6.19,1.64,2
4.7,3.54,1.55,0.25,0
6.92,3.43,5.05,2.11,2
6.59,2.43,3.98,0.98,1
6.54,3.14,5.25,2.52,2
6.71,2.93,5.54,1.63,2
6.42,2.75,5.23,2.5,2
6.2,2.15,3.72,1.08,1
4.93,2.78,4.79,1.16,1
6.44,2.57,5.32,1.76,2
6.05,2.33,4.39,0.9,1
6.25,2.32,4.09,1.22,1
5.01,4.27,1.55,0.28,0
4.98,4.17,1.89,0.38,0
4.8,3.89,1.99,0.32,0
5.05,4.13,1.59,0.22,0
5.8,3.97,1.62,0.56,0
4.66,3.72,1.92,0.27,0
6.96,2.74,3.68,1.23,1
5.11,2.96,1.66,0.37,0
6.05,3.13,4.45,1.44,1
6.15,2.49,5.6,1.74,2
5.22,3.32,1.81,0.35,0
7.43,2.55,6.29,1.86,2
5.01,3.97,1.24,0.33,0
5.17,3.71,1.81,0.52,0
6.76,2.27,4.45,0.96,1
6.52,2.8,3.36,1.2,1
5.43,3.83,1.59,0.38,0
5.47,3.24,1.76,0.45,0
6.82,3.29,4.68,1.89,2
5.25,3.17,1.7,0.34,0
6.95,2.43,5.38,1.42,2
6.49,3.06,5.0,1.69,2
5.44,3.22,4.36,1.52,1
5.82,3.11,5.84,2.23,2
6.37,3.79,3.91,1.4,1
5.29,2.81,1.46,0.44,0
5.45,3.04,4.24,1.24,1
6.55,2.13,5.1,1.78,2
5.44,3.18,1.46,0.23,0
6.87,2.84,6.36,2.11,2
8.24,3.39,6.63,2.18,2
4.55,4.0,1.83,0.37,0
6.05,3.6,6.11,2.07,2
7.08,2.58,4.27,1.62,1
6.01,1.8,5.92,2.14,2
5.56,3.24,3.61,0.99,1
6.63,3.21,4.63,1.43,2
6.92,3.4,4.2,1.6,1
6.06,2.95,3.92,1.39,1
5.1,2.76,1.67,0.34,0
4.91,2.32,4.12,0.78,1
4.74,3.75,1.89,0.22,0
6.09,2.55,4.82,0.87,1
5.67,2.9,3.9,1.52,1
5.58,3.31,5.4,1.67,1
6.46,3.45,4.44,1.31,1
5.06,2.67,1.48,0.27,0
5.9,2.68,5.63,1.31,1
6.72,2.44,5.96,1.69,2
5.39,3.07,1.68,0.27,0
5.68,3.66,1.62,0.36,0
6.2,2.7,4.45,1.2,1
6.13,3.21,5.34,1.79,2
4.97,3.63,1.56,0.27,0
5.2,3.71,1.66,0.36,0
5.26,3.42,4.36,1.57,1
5.3,2.59,1.58,0.16,0
4.82,4.34,1.64,0.18,0
5.15,2.51,1.33,0.2,0
5.21,2.9,4.29,1.61,2
5.72,2.31,4.79,0.83,1
5.43,3.27,4.14,1.45,1
7.05,3.3,5.12,2.25,2
5.28,4.12,1.53,0.27,0
5.81,2.81,3.64,1.48,1
6.16,2.37,4.97,1.21,1
7.03,3.07,4.33,1.81,2
6.92,2.38,6.15,1.61,2
6.82,2.12,5.25,1.77,2
7.08,2.73,6.72,1.9,2
6.65,3.14,4.95,1.15,1
5.21,3.73,1.61,0.3,0
4.96,3.61,1.64,0.34,0
6.02,2.82,3.08,1.03,1
5.56,2.81,3.99,1.5,1
5.1,3.73,1.49,0.29,0
5.48,3.63,1.43,0.38,0
5.05,3.49,1.37,0.25,0
5.78,2.82,4.62,1.31,1
6.02,2.76,4.29,1.31,1
7.23,3.35,6.17,1.63,2
5.06,3.81,1.81,0.22,0
5.88,3.26,1.39,0.44,0
6.2,2.58,5.97,2.06,2
5.0,2.79,3.93,1.31,1
5.17,3.61,1.49,0.48,0
6.19,2.81,4.1,1.41,1
4.68,4.09,1.12,0.24,0
5.69,3.14,5.87,2.2,2
6.57,2.51,6.69,1.76,2
6.41,3.12,3.27,2.06,1
6.91,3.25,7.84,2.95,2
5.46,2.79,5.04,2.19,2
4.39,3.06,1.44,0.26,0
4.88,3.27,1.49,0.35,0
5.98,2.53,5.58,1.76,2
5.18,3.11,1.56,0.33,0
7.2,1.96,4.03,1.05,1
5.72,2.99,4.38,1.88,1
5.7,2.5,4.31,1.38,1
4.08,3.03,1.29,0.29,0
5.8,2.9,4.14,1.28,1
6.28,2.76,3.97,1.35,1
5.97,3.26,4.77,1.38,1
7.27,3.4,6.35,1.52,2
6.16,2.85,4.73,1.85,1
5.55,3.31,1.67,0.32,0
4.84,3.79,1.58,0.29,0
6.16,2.64,5.07,1.45,2
5.36,3.77,1.63,0.32,0
5.54,2.25,4.6,1.58,1
6.05,2.86,3.86,1.5,1
6.01,2.57,3.82,1.32,1
7.27,3.44,5.71,1.69,2
5.85,2.65,5.17,1.4,1
5.3,3.19,1.97,0.34,0
6.2,2.62,5.12,1.49,1
7.57,3.3,5.29,2.27,2
6.12,2.41,5.56,1.49,2
6.99,3.01,6.41,1.15,2
5.19,3.23,4.41,1.69,2
5.05,3.14,1.07,0.47,0
5.83,2.72,3.32,1.38,1
7.17,3.97,3.94,1.48,1
5.04,3.92,1.4,0.21,0
6.81,2.42,4.52,1.61,2
5.99,3.49,5.78,2.19,2
5.24,3.13,3.42,1.35,1
6.28,2.88,6.17,2.38,2
5.21,2.98,4.95,1.55,1
7.4,3.14,3.52,1.08,1
6.33,2.26,4.41,0.97,1
4.96,3.66,1.66,0.35,0
5.14,3.24,1.73,0.3,0
5.68,2.14,3.72,0.96,1
5.91,2.61,6.4,2.19,2
6.43,3.24,5.61,1.95,2
4.49,4.5,1.2,0.35,0
5.13,2.29,4.06,1.52,1
4.99,3.35,1.17,0.38,0
5.13,3.1,1.47,0.44,0
5.72,2.23,3.95,1.27,1
6.69,3.26,6.54,1.85,2
5.85,2.86,4.07,1.46,1
6.19,2.95,3.78,1.38,1
6.33,3.31,6.15,2.13,2
6.31,3.47,4.38,1.53,1
7.5,2.74,5.04,2.37,2
6.52,3.03,5.82,2.46,2
4.43,3.35,1.5,0.27,0
5.39,3.81,1.71,0.32,0
6.84,3.01,6.03,1.83,2
4.75,2.34,4.62,1.84,2
5.51,2.46,3.47,1.5,1
4.16,3.13,1.36,0.24,0
5.06,3.26,1.77,0.17,0
4.65,3.33,1.12,0.16,0
6.88,3.09,5.19,2.27,2
5.8,2.83,3.85,1.23,1
4.48,3.31,1.4,0.27,0
4.39,2.38,1.43,0.31,0
6.35,3.25,6.28,2.07,2
6.47,2.77,6.28,2.26,2
7.88,1.93,5.14,1.56,2
6.21,2.17,6.03,1.54,2
7.24,4.03,4.9,2.15,2
5.34,3.02,4.33,1.46,1
5.12,3.04,1.56,0.3,0
4.42,2.22,1.41,0.24,0
6.62,3.05,4.53,1.17,1
5.46,3.81,1.61,0.27,0
5.24,3.21,4.26,1.49,1
4.95,3.19,4.79,1.31,1
6.17,2.91,3.97,1.75,1
4.95,3.25,1.54,0.32,0
5.57,3.76,5.49,2.18,2
5.98,3.53,5.28,2.05,2
5.59,3.11,3.84,1.32,1
6.33,2.94,6.43,2.56,2
6.99,2.99,4.81,2.99,2
5.09,2.8,1.19,0.31,0
6.37,2.08,4.6,1.21,1
5.56,2.73,3.99,1.34,1
7.54,2.49,6.37,1.42,2
6.92,2.55,6.21,1.52,2
6.36,2.17,5.78,1.73,2
6.98,2.53,5.5,1.52,2
6.7,3.37,4.89,1.81,2
7.15,2.46,5.46,1.24,2
6.18,2.11,4.33,1.31,1
6.72,3.58,6.08,2.21,2
6.34,2.61,5.35,1.57,1
7.16,3.32,6.75,1.66,2
5.56,2.12,4.02,1.06,1
6.64,3.12,5.22,2.04,2
4.82,3.98,1.48,0.33,0
6.21,3.45,5.23,1.55,2
4.98,2.72,1.46,0.16,0
6.23,3.38,4.45,1.27,1
6.58,3.36,3.96,1.35,1
4.95,3.27,1.69,0.23,0
6.71,3.34,4.94,2.34,2
4.94,3.19,1.4,0.26,0
7.19,2.42,4.24,1.08,1
5.99,2.74,4.72,2.14,2
5.44,2.12,4.53,1.26,1
6.94,3.36,5.72,2.39,2
6.38,2.49,3.74,1.43,1
5.37,3.12,4.73,1.68,2
6.25,2.33,4.29,1.09,1
4.6,3.71,1.59,0.49,0
4.73,4.07,1.46,0.41,0
5.54,3.02,6.03,1.79,2
6.29,2.94,4.4,1.4,1
4.45,4.1,1.57,0.55,0
6.11,3.5,4.98,2.82,2
6.12,2.31,4.84,1.22,1
6.35,2.86,5.03,0.85,1
6.0,2.64,5.28,1.58,2
6.33,2.49,4.49,1.04,1
5.04,4.16,1.56,0.36,0
6.66,2.91,6.63,2.02,2
5.39,2.8,3.6,1.19,1
7.93,3.36,6.66,2.14,2
6.64,2.78,4.83,1.16,2
5.35,3.5,1.66,0.2,0
6.73,2.89,5.71,1.59,2
6.15,2.91,3.62,1.0,1
6.42,2.54,4.87,1.29,1
6.6,2.31,5.16,2.05,2
6.1,3.38,5.17,2.81,2
6.0,3.08,5.88,2.37,2
6.73,3.48,5.71,2.28,2
5.41,3.3,1.0,0.18,0
5.46,3.68,1.23,0.21,0
4.55,3.59,6.1,1.79,2
7.55,2.88,6.23,2.65,2
5.35,3.48,1.34,0.26,0
4.72,2.64,1.34,0.25,0
6.67,2.73,5.04,1.16,1
5.3,3.77,1.73,0.24,0
5.42,2.78,6.13,1.68,2
7.66,3.44,6.89,1.63,2
5.21,3.41,1.54,0.2,0
5.01,3.02,1.34,0.22,0
7.23,2.23,4.36,1.85,2
6.07,3.08,4.84,1.2,1
6.69,3.08,5.51,1.84,2
6.49,3.72,5.41,1.46,2
4.21,3.38,1.73,0.26,0
6.18,2.84,5.6,1.81,1
6.25,1.7,4.04,0.97,1
7.55,3.17,4.5,2.01,2
6.08,3.46,3.72,1.14,1
4.33,3.77,1.87,0.2,0
6.21,2.81,4.95,0.97,1
6.56,2.87,4.37,1.4,1
5.25,3.71,1.25,0.3,0
6.3,3.22,3.46,1.32,1
7.24,2.94,4.36,1.18,1
6.59,2.54,4.71,1.86,1
6.08,3.33,5.74,2.46,2
5.85,3.61,5.12,1.81,2
4.04,2.55,1.5,0.31,0
6.36,3.18,5.25,1.88,2
6.55,3.11,4.58,2.42,2
5.55,3.93,1.74,0.43,0
5.91,2.94,4.02,1.18,1
6.08,2.42,4.16,0.89,1
6.74,2.76,5.92,1.85,2
5.91,2.07,3.62,1.05,1
5.81,3.57,1.61,0.49,0
5.47,3.92,1.57,0.39,0
5.56,2.73,5.2,1.8,2
5.64,2.57,5.04,1.81,2
7.07,2.62,5.57,1.59,2
5.95,2.83,4.2,1.24,1
4.96,2.72,1.39,0.2,0
5.8,1.93,4.81,2.03,2
4.89,3.02,1.26,0.43,0
5.16,2.19,5.07,2.02,2
4.95,2.92,1.65,0.28,0
7.0,3.16,5.48,1.99,2
5.44,2.59,4.3,1.15,1
6.79,3.25,4.72,2.26,2
5.55,4.1,1.86,0.34,0
6.98,2.85,5.85,1.88,2
6.24,3.15,3.66,1.23,1
6.52,2.83,4.33,1.3,1
6.77,3.14,5.6,1.67,2
5.93,2.42,4.42,1.13,1
5.76,3.36,5.86,2.07,2
5.93,3.38,6.11,2.03,2
4.91,3.33,1.12,0.35,0
6.79,3.25,5.53,2.49,2
5.7,3.38,4.18,1.23,1
5.58,3.41,1.48,0.35,0
4.37,3.1,1.63,0.22,0
5.42,2.9,6.01,1.67,2
6.83,3.25,5.07,2.03,2
6.86,3.15,5.18,1.88,2
6.01,2.33,4.83,1.9,2
4.76,2.93,1.72,0.49,0
6.53,3.42,4.11,1.11,1
6.24,2.63,4.61,1.2,1
6.98,3.34,4.27,1.21,1
5.13,3.06,3.59,1.31,1
4.35,2.75,1.39,0.22,0
6.83,3.05,6.58,2.6,2
5.99,2.82,3.92,1.22,1
6.49,2.95,4.95,1.41,1
5.45,3.49,1.45,0.31,0
4.94,2.69,5.52,1.15,1
4.63,4.47,1.18,0.47,0
6.16,2.53,5.02,1.02,1
5.66,2.48,4.11,1.09,1
6.79,3.45,2.84,1.45,1
6.28,2.65,4.81,1.88,2
5.27,4.14,1.24,0.29,0
5.58,3.31,4.54,1.47,1
5.67,3.16,4.5,2.11,2
6.52,2.4,4.18,1.41,1
5.03,4.08,1.57,0.5,0
5.32,3.12,1.59,0.15,0
7.28,2.55,6.17,1.9,2
6.73,2.99,6.62,1.8,2
6.03,2.84,5.02,2.49,2
6.22,2.29,5.1,1.75,2
6.0,2.81,3.8,1.37,1
7.22,2.78,4.77,1.22,1
4.58,4.5,1.36,0.29,0
4.48,2.4,1.54,0.27,0
4.97,3.33,1.54,0.21,0
7.0,3.06,4.86,1.6,1
5.08,3.22,4.74,1.81,1
4.78,3.82,1.41,0.49,0
5.4,4.1,1.34,0.29,0
6.04,3.08,5.49,2.58,2
5.1,3.2,4.55,2.41,2
6.45,3.52,3.14,1.43,1
5.15,2.61,4.23,1.29,1
7.08,3.4,4.71,2.25,2
4.92,2.9,1.5,0.23,0
5.23,2.37,4.75,1.35,1
7.28,3.48,4.56,2.28,2
5.73,2.81,4.4,0.98,1
6.65,3.04,4.85,2.2,2
5.41,2.26,4.35,1.38,1
6.45,3.2,6.24,2.01,2
5.08,3.2,5.22,2.28,2
4.84,4.07,1.9,0.4,0
5.26,3.47,1.62,0.26,0
6.71,3.57,5.39,1.94,2
5.84,2.89,5.52,2.24,2
5.2,4.15,1.51,0.36,0
5.86,2.38,4.27,1.34,1
5.32,3.69,1.56,0.5,0
4.86,3.54,1.57,0.16,0
7.15,2.82,5.36,1.69,2
4.33,3.82,1.36,0.42,0
5.76,3.02,4.0,1.12,1
6.02,2.66,3.13,1.34,1
6.94,3.42,4.99,1.83,2
6.12,2.41,3.37,1.13,1
5.53,3.27,4.47,1.6,1
5.49,3.81,1.62,0.27,0
5.51,2.79,4.51,1.49,1
6.22,2.96,4.09,1.47,1
5.11,2.56,4.3,1.86,2
6.42,3.18,5.49,2.54,2
4.73,2.9,1.58,0.28,0
6.49,2.69,4.38,1.39,1
7.43,3.2,4.29,2.09,2
5.34,2.75,3.91,1.52,1
8.29,2.64,5.28,1.6,2
4.56,3.32,1.41,0.44,0
4.39,2.83,1.92,0.29,0
7.35,3.15,5.76,2.11,2
4.9,2.56,1.51,0.23,0
6.41,2.48,5.84,1.71,2
5.2,3.6,1.5,0.33,0
6.17,3.42,4.53,1.38,1
6.25,2.07,4.27,0.81,1
6.22,2.82,5.0,1.6,1
6.11,3.1,5.17,2.26,2
5.32,2.57,5.6,2.43,2
5.84,3.44,1.59,0.39,0
6.29,2.33,4.12,1.16,1
6.62,3.56,4.23,1.42,1
4.85,2.69,1.41,0.4,0
7.41,3.32,4.85,2.3,2
6.37,3.14,4.06,1.26,1
6.76,2.83,4.19,1.41,1
4.64,3.44,1.53,0.17,0
5.79,2.66,5.83,1.88,2
6.4,2.84,3.4,1.12,1
4.82,2.15,1.36,0.29,0
6.3,2.71,5.17,1.51,1
5.31,4.45,1.62,0.4,0
5.14,3.22,1.75,0.22,0
7.24,3.22,4.28,1.58,1
5.6,3.02,4.11,1.58,1
6.84,3.15,5.8,2.39,2
5.35,3.11,6.19,1.84,2
5.16,3.14,1.36,0.27,0
6.15,2.91,3.94,1.37,1
4.92,3.18,1.37,0.32,0
5.93,3.1,4.38,1.13,1
4.18,2.86,1.5,0.33,0
6.15,2.87,4.9,0.99,1
6.23,3.03,3.93,1.53,1
4.95,2.82,1.6,0.28,0
5.3,2.98,1.62,0.18,0
6.87,2.3,5.11,2.02,2
6.41,2.63,4.81,1.07,1
4.92,3.48,1.48,0.19,0
4.56,2.47,1.48,0.29,0
5.16,3.41,1.64,0.26,0
6.16,3.44,6.0,1.8,2
6.2,2.71,4.5,1.7,1
4.88,2.49,1.4,0.2,0
4.88,3.9,1.46,0.32,0
6.64,2.6,4.51,1.47,2
5.48,3.44,5.62,2.9,2
6.91,3.3,6.77,2.6,2
6.95,2.35,6.01,1.86,2
4.91,3.19,1.86,0.35,0
6.31,3.08,4.47,1.47,1
6.03,2.09,4.3,1.3,1
5.18,4.22,1.64,0.16,0
7.71,2.04,5.36,1.7,2
6.83,2.22,4.04,1.29,1
5.4,2.73,4.25,1.34,1
5.63,2.57,3.57,1.28,1
7.14,3.17,5.28,2.04,2
5.35,4.35,1.32,0.12,0
5.82,2.03,6.62,2.18,2
6.51,2.32,4.58,1.06,1
5.08,3.38,1.3,0.47,0
6.81,3.1,5.22,1.91,2
7.12,2.25,5.17,1.26,2
6.52,2.08,5.16,1.66,2
5.72,3.68,1.19,0.5,0
4.55,2.83,1.73,0.2,0
4.7,3.42,1.37,0.46,0
5.55,2.26,4.33,1.07,1
6.0,2.87,5.17,1.79,2
6.46,3.33,4.24,2.34,2
6.0,3.04,4.81,1.3,1
7.18,3.78,5.93,1.94,2
5.27,2.57,1.75,0.4,0
4.95,3.76,1.43,0.27,0
5.35,3.82,1.69,0.16,0
5.16,3.2,5.64,1.43,2
5.39,3.0,1.71,0.26,0
7.02,2.48,4.7,1.46,2
6.52,3.46,5.32,1.9,2
5.65,2.15,5.24,1.47,1
4.68,2.95,1.59,0.15,0
5.64,2.54,1.29,0.13,0
6.34,3.09,4.99,2.29,2
4.95,2.75,1.54,0.29,0
6.8,2.75,4.44,1.68,2
6.0,3.34,6.57,2.3,2
5.14,4.06,1.44,0.21,0
7.26,3.26,5.86,2.04,2
6.21,2.93,4.88,1.1,2
5.24,2.15,5.07,1.33,1
4.89,2.73,1.68,0.22,0
7.16,3.47,4.23,1.66,1
6.46,2.51,4.16,1.32,1
5.94,2.76,4.74,1.44,1
5.64,3.03,5.7,2.13,2
6.71,3.42,5.93,2.76,2
5.84,2.49,4.31,1.29,1
7.02,3.5,6.02,2.07,2
6.57,2.76,4.53,1.61,1
7.35,2.76,6.61,2.1,2
5.2,3.72,1.4,0.37,0
6.99,2.53,6.41,1.56,2
5.77,3.38,1.46,0.2,0
6.49,3.1,6.52,2.03,2
6.87,3.82,6.45,2.46,2
5.68,3.45,1.29,0.36,0
4.78,3.31,1.46,0.28,0
6.78,2.39,4.11,0.92,1
6.16,3.7,4.85,1.6,1
6.57,2.29,4.78,1.0,1
7.31,2.59,5.2,1.04,1
6.33,3.23,4.99,1.06,1
5.66,2.79,1.72,0.05,0
5.71,2.56,5.87,1.97,2
4.98,3.03,1.57,0.33,0
4.66,2.97,1.42,0.33,0
5.57,3.9,1.4,0.45,0
5.25,2.77,4.43,1.15,1
5.49,3.03,1.97,0.18,0
6.47,2.1,5.24,1.91,2
5.12,4.08,1.67,0.21,0
4.93,3.67,1.32,0.37,0
7.54,3.92,5.39,2.02,2
6.16,2.23,5.01,1.58,2
6.6,1.9,4.55,1.64,1
4.71,3.09,1.42,0.34,0
4.72,3.04,1.78,0.35,0
5.74,2.66,5.1,1.27,1
6.19,3.37,5.25,2.5,2
4.81,3.93,1.58,0.29,0
6.04,3.19,3.81,0.99,1
4.39,3.53,1.48,0.28,0
5.45,2.77,1.45,0.32,0
6.23,3.18,6.7,1.72,2
5.25,3.15,1.54,0.09,0
6.49,2.77,3.9,1.65,1
4.85,2.87,1.23,0.26,0
5.68,3.13,1.49,0.27,0
5.33,3.53,4.24,1.5,1
5.6,2.71,3.06,1.41,1
5.78,3.04,4.85,1.45,1
4.9,3.46,1.48,0.4,0
4.93,2.82,1.46,0.29,0
5.92,3.0,5.4,1.33,2
6.95,2.23,6.09,1.54,2
5.44,4.28,1.26,0.37,0
6.72,3.59,5.08,1.52,2
5.35,3.16,1.66,0.24,0
6.46,2.44,4.42,1.0,1
5.7,3.94,1.36,0.24,0
5.34,2.57,4.71,1.55,2
7.04,2.99,4.88,1.67,1
4.87,3.29,1.61,0.16,0
5.27,2.94,4.19,1.5,1
7.81,3.45,5.25,1.61,2
5.35,2.5,4.3,1.31,1
6.37,2.26,5.84,1.37,2
4.73,2.75,1.48,0.46,0
5.24,2.85,1.57,0.28,0
7.02,3.12,6.23,1.85,2
5.28,2.69,1.21,0.31,0
5.26,2.6,5.47,1.93,2
4.48,2.95,1.54,0.4,0
5.68,3.49,5.2,1.71,1
6.7,3.74,4.11,1.63,1
5.15,3.55,1.22,0.28,0
6.39,2.98,4.78,1.84,1
6.53,2.53,7.05,1.59,2
5.55,3.06,3.65,1.47,1
8.03,3.01,5.81,2.02,2
6.94,3.16,4.69,1.4,1
5.49,2.73,5.37,1.69,2
6.54,3.1,7.25,2.5,2
6.32,2.46,3.5,1.37,1
4.34,3.96,1.62,0.49,0
7.22,2.68,5.87,1.79,2
4.76,4.05,1.64,0.3,0
7.52,2.31,4.35,0.98,1
5.89,2.61,4.23,1.74,1
5.99,3.29,4.89,1.66,1
4.62,3.15,1.07,0.25,0
5.22,3.47,1.36,0.08,0
4.47,3.91,1.42,0.41,0
5.87,3.48,5.92,1.48,2
6.51,3.6,6.49,2.83,2
6.17,2.74,4.29,0.76,1
4.68,2.95,1.23,0.2,0
6.12,1.91,5.94,2.16,2
6.47,3.33,5.16,1.51,2
6.72,2.94,4.26,1.32,1
4.68,3.17,1.61,0.24,0
4.71,4.2,1.53,0.58,0
6.28,2.81,4.27,1.07,1
5.29,2.73,5.14,1.44,1
6.65,2.77,3.4,1.3,1
6.04,3.21,4.65,2.42,2
5.02,3.18,1.81,0.21,0
5.15,3.19,1.3,0.35,0
4.53,2.65,1.44,0.24,0
4.66,3.5,1.42,0.35,0
4.7,3.94,1.75,0.38,0
5.92,2.74,4.66,1.83,2
6.18,2.96,4.96,1.57,1
6.83,3.13,5.86,1.49,2
6.22,3.08,4.39,1.97,1
5.91,3.3,4.36,1.63,1
5.09,3.47,1.69,0.35,0
6.83,3.22,5.42,1.33,1
5.1,2.8,1.47,0.38,0
5.21,3.52,1.55,0.15,0
7.47,2.65,5.97,1.14,2
5.45,2.84,1.45,0.34,0
5.85,3.48,4.7,1.34,1
6.56,3.02,4.35,1.58,2
5.52,3.52,4.54,1.46,1
6.82,4.22,5.09,2.62,2
7.09,3.0,5.39,2.14,2
5.74,2.73,1.54,0.32,0
7.17,3.0,5.6,2.01,2
5.71,3.43,1.58,0.37,0
5.66,2.96,4.64,1.29,1
5.5,1.97,4.96,1.01,1
4.86,4.1,1.25,0.44,0
7.32,2.67,5.8,1.95,2
5.36,3.43,4.42,1.65,1
6.92,2.54,5.51,1.8,2
4.54,3.63,1.35,0.25,0
6.33,1.8,4.25,1.17,1
4.85,3.58,1.26,0.24,0
5.98,3.26,4.88,2.37,2
6.45,3.08,3.87,1.37,1
7.03,2.28,5.8,0.93,2
7.03,3.46,5.27,2.36,2
7.06,4.21,5.82,1.82,2
5.75,1.96,5.82,1.65,2
5.23,3.75,1.93,0.34,0
6.44,2.45,5.87,1.4,2
5.16,3.02,1.64,0.43,0
7.18,3.13,6.04,2.05,2
6.34,2.84,6.15,2.22,2
7.63,3.23,6.55,2.43,2
6.41,3.7,5.0,1.28,2
4.96,3.68,1.53,0.29,0
4.54,3.54,1.36,0.34,0
5.13,3.98,1.44,0.43,0
6.08,3.21,4.23,1.42,1
4.43,3.23,1.54,0.39,0
5.48,2.54,1.66,0.22,0
6.4,3.24,4.01,1.07,1
5.71,3.42,4.29,1.76,1
5.96,3.13,5.69,2.11,2
5.14,4.13,1.52,0.31,0
4.7,3.69,1.69,0.19,0
5.66,2.36,3.4,1.39,1
5.54,3.91,1.21,0.32,0